City,Lat,Lng,Max Temp,Humidity,Cloudiness,Wind Speed,Country,Date
Orsha,54.5153,30.4053,50.88,77,65,10.16,BY,1653754573
Punta Arenas,-53.15,-70.9167,41.11,65,40,17.27,CL,1653754573
Samarai,-10.6167,150.6667,78.28,71,44,10.76,PG,1653754573
Mataura,-46.1927,168.8643,45.48,97,22,3.11,NZ,1653754574
Isangel,-19.55,169.2667,75.54,84,20,5.57,VU,1653754574
Port Hardy,50.6996,-127.4199,49.89,81,84,2.39,CA,1653754315
Puerto Ayora,-0.7393,-90.3518,72.55,92,99,10.0,EC,1653754575
Hermanus,-34.4187,19.2345,56.8,80,48,20.2,ZA,1653754575
Cape Town,-33.9258,18.4232,60.19,87,61,10.0,ZA,1653754419
Saint-Philippe,-21.3585,55.7679,72.99,70,78,13.62,RE,1653754575
Mar del Plata,-38.0023,-57.5575,51.94,65,0,11.5,AR,1653754467
Butaritari,3.0707,172.7902,81.48,75,97,12.62,KI,1653754576
Bredasdorp,-34.5322,20.0403,62.28,63,42,15.79,ZA,1653754576
Thinadhoo,0.5333,72.9333,84.11,71,83,10.89,MV,1653754577
Soyo,-6.1349,12.3689,76.15,73,6,9.15,AO,1653754577
Palmer,42.1584,-72.3287,71.74,75,100,0.0,US,1653754394
Bambous Virieux,-20.3428,57.7575,75.45,73,40,11.5,MU,1653754578
Lagoa,39.05,-27.9833,59.63,59,100,16.06,PT,1653754578
Kruisfontein,-34.0033,24.7314,61.88,82,24,20.27,ZA,1653754578
Sakassou,7.4546,-5.2926,89.44,61,61,3.42,CI,1653754579
Laas,46.6166,10.7002,65.28,71,85,4.38,IT,1653754579
Itupiranga,-5.1347,-49.3267,93.52,48,6,5.7,BR,1653754477
Caravelas,-17.7125,-39.2481,80.01,58,67,7.02,BR,1653754579
Chino Valley,34.7575,-112.4538,76.86,16,0,17.27,US,1653754358
Toktogul,41.8708,72.9402,55.81,85,93,3.38,KG,1653754580
Hilo,19.7297,-155.09,69.82,91,100,1.01,US,1653754580
Westport,41.1415,-73.3579,70.93,89,100,9.22,US,1653754546
Stornoway,58.2093,-6.3865,51.1,70,75,13.8,GB,1653754581
Agirish,61.9247,63.0231,55.0,90,96,2.82,RU,1653754581
Mandalgovi,45.7625,106.2708,39.52,54,10,15.75,MN,1653754582
Teya,60.3778,92.6267,51.75,55,99,3.8,RU,1653754582
Turukhansk,65.8167,87.9833,51.19,58,32,11.48,RU,1653754582
Deputatsky,69.3,139.9,18.64,93,28,1.97,RU,1653754583
Batetskiy,58.6461,30.3027,52.29,87,81,5.3,RU,1653754583
Provideniya,64.3833,-173.3,40.48,81,13,6.46,RU,1653754584
Quatre Cocos,-20.2078,57.7625,74.08,73,4,19.66,MU,1653754584
Rikitea,-23.1203,-134.9692,76.14,72,2,8.59,PF,1653754584
Vaini,-21.2,-175.2,75.36,100,75,5.75,TO,1653754585
Tasiilaq,65.6145,-37.6368,39.36,94,100,32.88,GL,1653754585
Tuktoyaktuk,69.4541,-133.0374,24.8,93,100,6.91,CA,1653754586
Qaanaaq,77.484,-69.3632,31.08,80,91,3.69,GL,1653754586
Mahébourg,-20.4081,57.7,75.49,73,40,11.5,MU,1653754587
Barrow,71.2906,-156.7887,32.02,93,100,6.91,US,1653754587
Gushikawa,26.3544,127.8686,74.82,96,20,10.36,JP,1653754587
Acapulco de Juárez,16.8634,-99.8901,85.82,66,100,8.05,MX,1653754348
Busselton,-33.65,115.3333,55.65,63,84,13.62,AU,1653754588
Kapaa,22.0752,-159.319,73.78,86,75,10.36,US,1653754588
Port Alfred,-33.5906,26.891,65.17,71,3,5.01,ZA,1653754589
Yellowknife,62.456,-114.3525,53.35,54,12,11.63,CA,1653754293
Bielsko-Biala,49.8224,19.0469,59.95,37,63,9.64,PL,1653754589
Solnechnyy,50.7214,136.6319,45.41,98,100,3.33,RU,1653754590
Henties Bay,-22.116,14.2845,58.19,86,47,12.84,NA,1653754591
Alice Springs,-23.7,133.8833,69.22,32,96,5.75,AU,1653754592
Albany,42.6001,-73.9662,71.82,75,87,9.66,US,1653754482
New Norfolk,-42.7826,147.0587,41.04,87,43,0.6,AU,1653754592
Castro,-24.7911,-50.0119,72.73,47,55,9.8,BR,1653754593
Cabo San Lucas,22.8909,-109.9124,85.6,51,0,6.91,MX,1653754593
Hong Kong,22.2855,114.1577,83.62,85,96,11.01,HK,1653754325
Tortolì,39.9256,9.6572,75.02,78,20,5.75,IT,1653754594
Sitka,57.0531,-135.33,51.69,82,100,5.75,US,1653754594
Jiuquan,39.7432,98.5174,66.13,45,71,17.02,CN,1653754595
Sibu,2.3,111.8167,77.31,94,40,0.0,MY,1653754595
Santa Maria,-29.6842,-53.8069,66.04,93,100,2.13,BR,1653754595
Harbour Breton,47.4833,-55.7983,42.62,94,100,25.3,CA,1653754596
Sārangarh,21.6,83.0833,94.6,28,94,13.11,IN,1653754596
Hobart,-42.8794,147.3294,41.67,92,16,2.3,AU,1653754502
Ahipara,-35.1667,173.1667,60.62,75,98,16.22,NZ,1653754597
Port Elizabeth,-33.918,25.5701,63.1,85,0,23.02,ZA,1653754597
Saint Paul Harbor,57.79,-152.4072,62.11,39,100,10.36,US,1653754598
Kudahuvadhoo,2.6708,72.8944,84.04,70,18,12.86,MV,1653754598
Ushuaia,-54.8,-68.3,35.26,87,75,25.32,AR,1653754391
Torbay,47.6666,-52.7314,41.97,76,100,16.11,CA,1653754599
Constitución,-35.3333,-72.4167,52.41,43,96,5.91,CL,1653754599
Lebu,-37.6167,-73.65,47.77,61,1,16.22,CL,1653754600
Yuganets,56.2508,43.2307,51.69,95,99,11.5,RU,1653754600
Hofn,64.2539,-15.2082,48.09,76,51,10.13,IS,1653754600
Tessalit,20.1986,1.0114,108.39,6,22,4.27,ML,1653754601
San Cristobal,7.7669,-72.225,82.58,50,92,8.48,VE,1653754601
Nīlēshwar,12.25,75.1,81.57,80,2,3.06,IN,1653754602
Paso de los Toros,-32.8167,-56.5167,54.79,71,100,8.3,UY,1653754602
Bambanglipuro,-7.95,110.2833,75.72,92,11,4.65,ID,1653754602
Bogandé,12.9714,-0.1436,103.17,20,0,3.89,BF,1653754603
Faya,18.3851,42.4509,75.72,42,20,9.19,SA,1653754603
Bluff,-46.6,168.3333,45.81,88,77,8.93,NZ,1653754604
Kiryat Gat,31.61,34.7642,78.73,100,1,12.95,IL,1653754443
George Town,5.4112,100.3354,84.04,79,20,1.14,MY,1653754604
Itarema,-2.9248,-39.9167,82.54,77,27,12.66,BR,1653754605
Kwinana,-32.25,115.7667,54.34,73,78,3.0,AU,1653754605
Teeli,51.0333,90.2333,63.57,37,95,0.45,RU,1653754605
Raudeberg,61.9875,5.1352,45.86,88,99,14.27,NO,1653754606
Baykit,61.67,96.37,49.59,54,100,2.28,RU,1653754606
Agüimes,27.9054,-15.4461,70.43,64,75,10.36,ES,1653754607
Dunedin,-45.8742,170.5036,43.81,81,22,1.01,NZ,1653754607
Lavrentiya,65.5833,-171.0,34.16,96,100,3.15,RU,1653754607
Kamariótissa,40.4833,25.4667,72.07,74,52,1.92,GR,1653754608
Wilmington,34.2257,-77.9447,84.87,64,40,6.91,US,1653754608
Calama,-22.4667,-68.9333,63.09,15,0,14.97,CL,1653754514
Mackenzie,55.2999,-123.1698,43.02,93,100,5.75,CA,1653754313
Anjozorobe,-18.4,47.8667,56.89,94,35,11.16,MG,1653754609
Saint Anthony,45.0205,-93.218,74.3,53,0,18.41,US,1653754609
Mahajanga,-15.7167,46.3167,77.02,78,40,1.14,MG,1653754610
Gobabis,-22.45,18.9667,69.96,17,0,7.18,NA,1653754610
Tiksi,71.6872,128.8694,28.06,92,100,2.21,RU,1653754611
São Filipe,14.8961,-24.4956,73.89,81,26,5.12,CV,1653754612
Malangali,-8.5667,34.85,61.03,72,15,13.13,TZ,1653754612
Kavieng,-2.5744,150.7967,80.74,76,100,6.15,PG,1653754613
Yinchuan,38.4681,106.2731,76.77,32,80,12.84,CN,1653754613
Banda Aceh,5.5577,95.3222,80.49,81,97,15.17,ID,1653754613
Suez,29.9737,32.5263,88.36,23,0,18.95,EG,1653754614
Quetigny,47.3167,5.1167,67.95,28,0,12.66,FR,1653754614
Longyearbyen,78.2186,15.6401,51.64,50,75,6.91,SJ,1653754615
Nanortalik,60.1432,-45.2371,42.44,73,97,6.46,GL,1653754615
Río Tercero,-32.173,-64.1141,59.79,53,13,6.44,AR,1653754615
Phalaborwa,-23.943,31.1411,69.08,56,0,4.54,ZA,1653754616
Mogadouro,41.3403,-6.7119,86.54,17,2,4.0,PT,1653754616
Auburn,47.3073,-122.2284,53.19,86,100,3.44,US,1653754362
Puerto Limón,10.0,-83.0333,82.29,74,0,6.91,CR,1653754617
Baker City,44.7749,-117.8344,48.4,75,40,0.0,US,1653754352
Tuatapere,-46.1333,167.6833,45.63,90,92,4.65,NZ,1653754617
Nikolskoye,59.7035,30.7861,55.09,81,75,2.95,RU,1653754618
Thompson,55.7435,-97.8558,54.32,37,49,6.78,CA,1653754459
Lüderitz,-26.6481,15.1594,59.18,79,4,8.95,NA,1653754618
Merke,42.8728,73.1786,55.8,80,96,3.0,KZ,1653754618
Avarua,-21.2078,-159.775,75.25,88,28,5.75,CK,1653754619
Arman',59.7,150.1667,37.2,96,64,1.86,RU,1653754355
Jamestown,42.097,-79.2353,58.6,94,100,9.22,US,1653754619
Yulara,-25.2406,130.9889,66.22,50,100,13.98,AU,1653754619
Phonhong,18.5007,102.4166,76.48,93,100,1.9,LA,1653754620
Dingle,10.9995,122.6711,77.85,87,94,5.5,PH,1653754620
Cuamba,-14.8031,36.5372,70.47,59,56,7.65,MZ,1653754621
Beipiao,41.7919,120.7792,73.29,35,68,16.75,CN,1653754621
Las Vegas,36.175,-115.1372,83.44,17,0,16.11,US,1653753969
Namatanai,-3.6667,152.4333,78.44,80,100,2.75,PG,1653754622
Sasebo,33.1592,129.7228,71.01,83,100,4.29,JP,1653754622
Souillac,-20.5167,57.5167,75.58,73,40,11.5,MU,1653754623
Pevek,69.7008,170.3133,27.64,79,75,4.92,RU,1653754337
Labuan,5.2767,115.2417,80.96,89,20,2.3,MY,1653754623
Carnarvon,-24.8667,113.6333,68.22,76,100,11.92,AU,1653754624
Kaitangata,-46.2817,169.8464,42.4,90,26,3.96,NZ,1653754624
Kloulklubed,7.0419,134.2556,75.7,77,99,12.35,PW,1653754625
Morón,-34.6534,-58.6198,54.61,77,86,4.76,AR,1653754625
Olinda,-8.0089,-34.8553,73.13,94,100,5.75,BR,1653754626
Chapais,49.7834,-74.8492,58.78,63,94,12.64,CA,1653754513
Dikson,73.5069,80.5464,27.99,96,18,8.03,RU,1653754626
Oktyabr'skiy,54.4815,53.471,55.76,95,100,12.71,RU,1653754626
Paris,48.8534,2.3488,67.44,43,0,11.5,FR,1653754365
Esperance,-33.8667,121.9,55.18,78,61,25.43,AU,1653754627
Biltine,14.5333,20.9167,99.63,4,1,11.36,TD,1653754628
Chokurdakh,70.6333,147.9167,26.89,93,74,4.07,RU,1653754628
Hithadhoo,-0.6,73.0833,84.2,70,34,11.14,MV,1653754628
Stykkisholmur,65.0757,-22.7297,53.71,61,100,2.91,IS,1653754629
Passos,-20.7189,-46.6097,76.1,38,96,4.25,BR,1653754630
San Patricio,28.017,-97.5169,86.34,48,12,12.53,US,1653754630
Pangnirtung,66.1451,-65.7125,32.0,64,100,3.44,CA,1653754632
Atuona,-9.8,-139.0333,77.92,79,23,16.06,PF,1653754632
Port Lincoln,-34.7333,135.8667,53.92,72,94,5.46,AU,1653754632
Korla,41.7597,86.1469,79.39,30,73,2.26,CN,1653754504
Atemar,54.181,45.4091,53.35,72,1,18.75,RU,1653754633
Boké,10.9409,-14.2967,100.62,30,46,3.31,GN,1653754633
Terrace,54.5163,-128.6035,49.91,87,75,9.22,CA,1653754557
Albanel,48.8832,-72.4487,58.98,67,100,13.8,CA,1653754634
Alofi,-19.0595,-169.9187,75.09,94,97,3.44,NU,1653754634
Beni,0.5,29.4667,65.5,95,100,2.28,CD,1653754635
East London,-33.0153,27.9116,72.84,53,0,8.41,ZA,1653754635
Verín,41.9415,-7.4381,89.56,19,1,5.57,ES,1653754636
Talnakh,69.4865,88.3972,34.21,87,30,7.67,RU,1653754636
Puerto Peñasco,31.3167,-113.5333,76.91,68,14,14.0,MX,1653754636
Aklavik,68.2191,-135.0107,32.0,80,100,5.75,CA,1653754637
Akdepe,42.0551,59.3788,78.89,20,0,2.82,TM,1653754637
Upernavik,72.7868,-56.1549,28.74,74,44,8.03,GL,1653754638
Tabou,4.423,-7.3528,83.34,70,26,7.85,CI,1653754356
Arraial do Cabo,-22.9661,-42.0278,82.26,54,0,12.66,BR,1653754638
Porto-Novo,6.4965,2.6036,87.62,65,60,9.44,BJ,1653754639
Rafaela,-31.2503,-61.4867,56.98,66,100,3.0,AR,1653754639
Codrington,-38.2667,141.9667,51.58,79,97,4.54,AU,1653754639
Bahía Blanca,-38.7196,-62.2724,51.75,45,3,8.23,AR,1653754461
Sokoni,-6.4333,39.55,80.15,63,7,17.76,TZ,1653754640
Poum,-20.2333,164.0167,76.82,69,37,9.15,NC,1653754640
Ilulissat,69.2167,-51.1,35.62,80,75,11.5,GL,1653754641
Airai,-8.9266,125.4092,59.04,89,43,0.83,TL,1653754641
Chui,-33.6971,-53.4616,59.85,62,6,5.12,UY,1653754642
Moss Point,30.4116,-88.5345,81.72,59,0,0.0,US,1653754351
Ribeira Grande,38.5167,-28.7,66.6,52,20,14.97,PT,1653754642
Baiyin,36.5583,104.2081,65.73,50,100,26.11,CN,1653754643
Cockburn Town,21.4612,-71.1419,80.17,75,7,19.24,TC,1653754373
Beloha,-25.1667,45.05,63.5,70,6,8.21,MG,1653754643
Guerrero Negro,27.9769,-114.0611,65.01,69,67,16.37,MX,1653754643
Ishigaki,24.3448,124.1572,80.73,100,94,8.05,JP,1653754644
Taoudenni,22.6783,-3.9836,103.14,14,95,27.09,ML,1653754346
Iracoubo,5.4802,-53.2011,83.77,64,42,7.85,GF,1653754644
Sampit,-2.5333,112.95,75.31,88,99,2.33,ID,1653754645
Mabaruma,8.2,-59.7833,85.96,62,100,6.71,GY,1653754645
Cayenne,4.9333,-52.3333,85.08,25,40,12.66,GF,1653754645
Kapit,2.0167,112.9333,73.74,95,89,1.48,MY,1653754646
Diamantina,-18.2494,-43.6003,70.63,52,93,9.62,BR,1653754646
Iqaluit,63.7506,-68.5145,29.7,86,40,17.27,CA,1653754646
Margate,51.3813,1.3862,57.94,64,44,5.01,GB,1653754609
Yerbogachën,61.2767,108.0108,41.36,54,57,1.95,RU,1653754647
Ponta do Sol,32.6667,-17.1,71.82,53,88,9.51,PT,1653754647
Khatanga,71.9667,102.5,31.46,97,100,11.88,RU,1653754648
Awjilah,29.1081,21.2869,102.85,7,0,5.21,LY,1653754648
Naze,28.3667,129.4833,65.32,92,100,14.32,JP,1653754648
Baillif,16.0202,-61.7463,83.7,66,100,14.7,GP,1653754649
Sunrise Manor,36.2111,-115.0731,85.1,17,0,19.57,US,1653754649
Sittwe,20.15,92.9,82.83,84,56,4.61,MM,1653754651
Qingdao,36.0986,120.3719,69.4,83,94,8.95,CN,1653754651
Buluang,13.3068,123.3425,78.33,88,38,3.2,PH,1653754652
Andrelândia,-21.7397,-44.3092,70.57,46,100,4.27,BR,1653754652
Winnemucca,40.973,-117.7357,53.65,76,100,11.5,US,1653754652
Mehamn,71.0357,27.8492,46.31,79,52,17.29,NO,1653754593
Tari,12.4086,4.4914,103.5,20,6,2.73,NG,1653754653
Faanui,-16.4833,-151.75,80.91,68,6,15.82,PF,1653754653
Boa Vista,2.8197,-60.6733,87.78,58,40,12.66,BR,1653754654
Kindu,-2.95,25.95,69.98,97,96,4.88,CD,1653754654
Puerto Escondido,15.85,-97.0667,81.43,78,100,8.05,MX,1653754654
Chuchar-kana Mandi,31.75,73.8,97.52,19,10,8.43,PK,1653754655
Waingapu,-9.6567,120.2641,77.29,86,45,3.13,ID,1653754655
Swan Hill,-35.3378,143.5544,53.22,64,98,3.87,AU,1653754655
Sisimiut,66.9395,-53.6735,37.24,67,53,9.35,GL,1653754656
Lorengau,-2.0226,147.2712,79.23,74,100,2.13,PG,1653754656
Mount Gambier,-37.8333,140.7667,46.31,100,100,0.0,AU,1653754656
São João da Barra,-21.6403,-41.0511,82.49,66,100,10.42,BR,1653754491
Aljezur,37.3191,-8.8033,74.05,55,3,11.65,PT,1653754515
Ossora,59.2353,163.0719,36.99,98,100,3.42,RU,1653754657
Cidreira,-30.1811,-50.2056,63.9,94,98,4.18,BR,1653754657
Nuuk,64.1835,-51.7216,34.41,80,75,16.11,GL,1653754658
Korem,12.5058,39.5228,66.76,31,63,8.63,ET,1653754658
Geraldton,-28.7667,114.6,61.21,88,40,8.05,AU,1653754365
Skibbereen,51.55,-9.2667,62.11,72,16,10.36,IE,1653754659
Sémbé,1.6481,14.5806,79.2,79,80,2.62,CG,1653754659
Arrondissement de Fontenay-le-Comte,46.5833,-1.0,73.85,37,1,14.03,FR,1653754659
Farafangana,-22.8167,47.8333,69.98,67,45,7.14,MG,1653754660
Nantucket,41.2835,-70.0995,62.65,94,100,12.66,US,1653754620
Mae Sai,20.4335,99.8762,75.22,89,86,1.61,TH,1653754660
Yar-Sale,66.8333,70.8333,50.79,45,11,18.61,RU,1653754660
Hasaki,35.7333,140.8333,64.8,81,91,8.34,JP,1653754661
Eldorado,-23.7869,-54.2836,81.09,50,33,9.08,BR,1653754661
Tawao,4.2498,117.8871,78.93,82,83,2.44,MY,1653754662
Numan,9.4667,12.0333,101.07,24,19,4.81,NG,1653754662
Norman Wells,65.282,-126.8329,42.84,75,40,8.05,CA,1653754662
Svetlaya,46.5389,138.3297,46.76,97,100,13.38,RU,1653754663
Saskylakh,71.9167,114.0833,19.74,95,94,0.89,RU,1653754663
Puerto del Rosario,28.5004,-13.8627,74.95,60,20,18.41,ES,1653754663
Los Llanos de Aridane,28.6585,-17.9182,66.13,76,100,8.99,ES,1653754664
Mola di Bari,41.0609,17.0873,84.96,23,42,15.84,IT,1653754664
Adrar,20.5022,-10.0711,99.28,22,94,7.81,MR,1653754664
Hvolsvollur,63.7533,-20.2243,52.47,60,100,11.63,IS,1653754665
Nazarovo,56.0064,90.3914,51.96,51,9,4.9,RU,1653754665
Beringovskiy,63.05,179.3167,37.17,90,20,7.63,RU,1653754665
Abu Dhabi,24.4667,54.3667,87.75,51,0,5.75,AE,1653754666
Antalaha,-14.9003,50.2788,72.81,81,3,9.19,MG,1653754634
Deesa,24.25,72.1667,86.54,59,0,8.79,IN,1653754666
Koumac,-20.5667,164.2833,74.1,78,12,5.01,NC,1653754666
Ambon City,-3.6954,128.1814,75.34,94,40,2.3,ID,1653754667
Townsville,-19.25,146.8,59.88,88,24,0.0,AU,1653754667
Mackay,-21.15,149.2,59.68,78,1,7.05,AU,1653754630
Djibouti,11.5,42.5,90.3,29,33,9.98,DJ,1653754579
Honningsvåg,70.9821,25.9704,47.95,76,58,5.75,NO,1653754669
Kahului,20.8947,-156.47,73.58,84,40,11.5,US,1653754623
Kaeo,-35.1,173.7833,62.33,76,100,16.91,NZ,1653754669
Rawson,-43.3002,-65.1023,44.94,59,64,23.26,AR,1653754518
Ulaanbaatar,47.9077,106.8832,35.73,69,20,11.18,MN,1653754670
Pitimbu,-7.4706,-34.8086,77.59,87,100,5.86,BR,1653754670
Dalaba,10.7,-12.25,85.32,32,92,6.26,GN,1653754670
Elliot,-31.3333,27.85,60.31,41,1,12.84,ZA,1653754671
Arawa,-6.2132,155.5367,78.08,92,79,1.14,PG,1653754671
Ibrā’,22.6906,58.5334,91.6,28,0,13.65,OM,1653754671
Fougamou,-1.2154,10.5838,80.35,83,53,2.3,GA,1653754672
Ostrovnoy,68.0531,39.5131,48.78,71,98,12.75,RU,1653754672
Leningradskiy,69.3833,178.4167,28.63,91,100,2.71,RU,1653754672
Usinsk,65.9939,57.5281,67.01,38,0,19.89,RU,1653754673
Marsá Maţrūḩ,31.3525,27.2453,81.32,41,0,7.4,EG,1653754673
Fortuna,40.5982,-124.1573,57.06,87,100,13.8,US,1653754673
Altamira,-3.2033,-52.2064,82.54,77,25,3.58,BR,1653754674
Izhma,65.0083,53.9113,52.59,94,100,3.04,RU,1653754674
Oriximiná,-1.7656,-55.8661,85.66,66,5,4.21,BR,1653754588
Nhulunbuy,-12.2333,136.7667,77.61,83,40,4.61,AU,1653754674
Goya,-29.14,-59.2626,61.16,94,100,3.53,AR,1653754675
Vestmannaeyjar,63.4427,-20.2734,52.79,76,0,19.57,IS,1653754675
Katiola,8.1333,-5.1,88.43,60,75,3.29,CI,1653754568
Thaba-Tseka,-29.522,28.6084,46.74,56,0,7.96,LS,1653754676
Guadalupe y Calvo,26.1,-106.9667,76.57,20,43,4.23,MX,1653754676
Stonewall,50.1344,-97.3268,59.95,87,100,9.69,CA,1653754676
Bengkulu,-3.8004,102.2655,76.42,88,82,6.93,ID,1653754677
High Rock,26.6208,-78.2833,84.22,68,77,12.75,BS,1653754677
Bethel,41.3712,-73.414,70.9,84,100,3.44,US,1653754677
Sinnamary,5.3833,-52.95,84.29,64,15,8.41,GF,1653754663
Kidal,18.4411,1.4078,107.74,8,20,5.32,ML,1653754585
Benjamin Constant,-4.3831,-70.0311,80.65,78,40,3.44,BR,1653754678
Vestmanna,62.1564,-7.1664,47.32,57,0,5.75,FO,1653754678
Rocha,-34.4833,-54.3333,57.94,64,54,2.39,UY,1653754679
Chipinge,-20.1883,32.6236,57.88,91,30,6.15,ZW,1653754679
Pimenta Bueno,-11.6725,-61.1936,89.85,44,23,4.21,BR,1653754679
Belomorsk,64.5232,34.7668,52.11,75,68,6.53,RU,1653754680
Rochegda,62.8,43.25,55.78,80,83,7.81,RU,1653754680
Marsaxlokk,35.8419,14.5431,74.01,68,40,10.36,MT,1653754681
Mogadishu,2.0371,45.3438,80.04,77,18,14.56,SO,1653754681
Brewster,41.3973,-73.6171,70.84,87,100,3.44,US,1653754682
Dauphin,51.1494,-100.0502,55.54,98,100,6.91,CA,1653754682
Salalah,17.0151,54.0924,84.29,79,20,9.22,OM,1653754682
Şaru Dornei,47.2833,25.35,55.4,62,100,3.0,RO,1653754683
Lyubech,51.7026,30.6569,54.5,73,53,12.1,UA,1653754683
Bandarbeyla,9.4942,50.8122,81.19,80,24,27.31,SO,1653754684
Katherine,-14.4667,132.2667,64.72,55,67,5.75,AU,1653754684
Smithers,54.7804,-127.1743,46.67,86,100,2.84,CA,1653754685
Capão da Canoa,-29.7456,-50.0097,64.63,95,100,4.07,BR,1653754685
Kungurtug,50.5994,97.5228,44.49,43,1,2.82,RU,1653754687
Haines Junction,60.7522,-137.5108,49.95,57,74,2.3,CA,1653754687
Tyukhtet,56.5389,89.3011,52.75,49,30,6.64,RU,1653754688
Nushki,29.5542,66.0215,82.98,11,0,14.97,PK,1653754688
Pemba,-12.974,40.5178,79.5,83,75,17.6,MZ,1653754688
Santander Jiménez,24.2167,-98.4667,89.08,47,1,6.82,MX,1653754689
Ngunguru,-35.6167,174.5,61.12,68,100,19.89,NZ,1653754689
Hambantota,6.1241,81.1185,79.81,81,86,14.94,LK,1653754690
Polunochnoye,60.8697,60.4153,52.05,88,60,4.36,RU,1653754518
Vila Franca do Campo,37.7167,-25.4333,64.81,91,100,10.65,PT,1653754690
Tigre,-34.426,-58.5796,54.63,74,40,9.22,AR,1653754690
São Raimundo Nonato,-9.0153,-42.6994,91.38,29,9,8.48,BR,1653754691
Brae,60.3964,-1.353,45.7,74,100,22.12,GB,1653754691
Igrim,63.1906,64.4162,59.65,87,96,3.4,RU,1653754692
Vernon,50.2581,-119.2691,55.54,50,93,5.99,CA,1653754512
Acaraú,-2.8856,-40.12,82.35,77,35,13.11,BR,1653754692
Erdenet,49.0333,104.0833,36.27,70,86,5.37,MN,1653754693
Annecy-le-Vieux,45.9197,6.1439,72.21,31,35,13.8,FR,1653754693
Santa Rosa,14.3122,121.1114,78.21,90,87,5.14,PH,1653754436
Dolisie,-4.1997,12.6739,80.87,66,74,1.41,CG,1653754694
Verrettes,19.05,-72.4667,88.93,48,78,3.09,HT,1653754627
Aksha,50.2814,113.2867,45.19,32,100,10.58,RU,1653754694
Kavaratti,10.5669,72.642,82.85,75,13,5.12,IN,1653754695
Tumbagaan,5.3656,120.3139,80.62,79,80,3.85,PH,1653754695
Panino,51.6467,40.1346,56.84,69,10,8.41,RU,1653754695
Renqiu,38.6989,116.0936,87.21,23,59,21.25,CN,1653754696
Chernyshevskiy,63.0128,112.4714,38.73,56,41,3.91,RU,1653754696
Buin,-33.7333,-70.75,55.58,51,100,3.38,CL,1653754697
Port Montt,-41.4698,-72.9447,47.23,76,75,8.05,CL,1653754697
Peleduy,59.6289,112.7406,42.08,64,99,3.89,RU,1653754698
Guilin,25.2819,110.2864,75.31,98,100,0.74,CN,1653754698
Vilhena,-12.7406,-60.1458,82.62,61,75,10.36,BR,1653754698
Jakar,27.5492,90.7525,54.86,96,100,1.88,BT,1653754699
Padang,-0.9492,100.3543,75.25,78,95,3.13,ID,1653754699
Nanzhou,29.3596,112.4024,68.45,96,80,5.77,CN,1653754700
Sretensk,52.2453,117.7093,38.91,71,41,2.98,RU,1653754700
Capâo Bonito,-24.0058,-48.3494,77.74,41,19,6.96,BR,1653754701
Verkhnevilyuysk,63.4453,120.3167,41.68,58,100,5.1,RU,1653754701
Severo-Kuril'sk,50.6789,156.125,44.51,96,100,3.09,RU,1653754701
Tura,25.5198,90.2201,74.23,80,0,3.94,IN,1653754522
Katobu,-4.9408,122.5276,74.89,93,89,3.18,ID,1653754702
Mastic Beach,40.7668,-72.8521,66.49,94,100,14.0,US,1653754702
Colares,38.7992,-9.4469,69.19,68,20,13.0,PT,1653754703
Olafsvik,64.8945,-23.7142,50.54,74,100,12.03,IS,1653754703
Cherskiy,68.75,161.3,35.01,59,4,3.06,RU,1653754704
Belyy Yar,53.6039,91.3903,55.85,45,0,4.47,RU,1653754704
Gusinoye Ozero,51.1144,106.2614,44.91,50,33,9.1,RU,1653754705
Tamasane,-22.4184,27.4013,66.52,39,0,7.56,BW,1653754705
Barreiras,-12.1528,-44.99,91.31,21,3,5.23,BR,1653754705
Chivay,-15.6383,-71.6011,54.28,33,2,2.91,PE,1653754706
Porto Walter,-8.2686,-72.7439,79.79,89,34,1.63,BR,1653754706
Bathsheba,13.2167,-59.5167,83.01,74,40,16.11,BB,1653754668
Shubarkuduk,49.1447,56.4872,65.64,56,24,8.19,KZ,1653754708
Escárcega,18.6089,-90.7454,75.56,90,100,2.66,MX,1653754708
Necochea,-38.5473,-58.7368,50.94,46,67,8.86,AR,1653754709
Nishihara,26.1842,127.7558,74.91,100,75,10.36,JP,1653754709
Agde,43.3108,3.4758,84.63,27,0,19.57,FR,1653754709
Dwārka,22.2394,68.9678,81.3,87,4,17.94,IN,1653754710
Laguna,38.421,-121.4238,63.48,68,0,10.36,US,1653754662
Vanimo,-2.6741,141.3028,78.53,82,45,1.19,PG,1653754710
Bantry,51.6833,-9.45,61.79,64,22,7.92,IE,1653754710
Belmonte,-15.8631,-38.8828,80.28,64,29,8.19,BR,1653754711
Lakatoro,-16.0999,167.4164,77.11,81,8,6.67,VU,1653754711
Vardø,70.3705,31.1107,44.58,81,11,18.41,NO,1653754711
La Ronge,55.1001,-105.2842,55.65,58,75,11.5,CA,1653754712
Eyl,7.9803,49.8164,85.87,60,68,21.79,SO,1653754712
Bozhou,33.8772,115.7703,68.05,83,61,11.79,CN,1653754712
Bagdarin,54.4333,113.6,36.77,66,98,5.91,RU,1653754713
Ketchikan,55.3422,-131.6461,50.47,93,75,6.91,US,1653754713
Fayaoué,-20.65,166.5333,77.88,77,0,14.54,NC,1653754714
Rumboci,43.8322,17.5011,61.14,88,92,7.2,BA,1653754714
Vanavara,60.34,102.2797,44.17,51,100,1.05,RU,1653754714
Tomatlán,19.9333,-105.25,86.27,55,100,4.79,MX,1653754715
Narsaq,60.9167,-46.05,61.02,43,19,8.7,GL,1653754715
Bucerías,20.75,-105.3333,80.58,78,40,5.75,MX,1653754715
Zaysan,47.4667,84.8667,70.54,40,4,6.6,KZ,1653754716
Resistencia,-27.4606,-58.9839,66.74,99,100,4.61,AR,1653754658
Ayorou,14.7308,0.9174,108.43,12,4,5.84,NE,1653754716
Navoiy,40.0844,65.3792,69.28,30,1,6.91,UZ,1653754716
Taicheng,38.731,113.228,68.81,38,96,2.08,CN,1653754717
Saint George,37.1041,-113.5841,85.35,13,0,17.27,US,1653754546
Kulachi,31.9286,70.4592,99.91,12,0,6.82,PK,1653754717
San Luis Río Colorado,32.4631,-114.7767,83.79,35,45,5.1,MX,1653754718
Bhadrāchalam,17.6667,80.8833,95.97,20,10,3.67,IN,1653754718
Bria,6.5423,21.9863,76.89,74,74,4.43,CF,1653754719
Severnoye,56.3491,78.3619,59.76,57,100,6.11,RU,1653754719
Rāpar,23.5667,70.6333,85.48,66,0,21.61,IN,1653754719
Clyde River,70.4692,-68.5914,25.03,86,40,12.66,CA,1653754720
Buala,-8.145,159.5921,79.29,82,96,4.27,SB,1653754720
Kumul,42.8,93.45,77.94,27,51,8.1,CN,1653754721
Watsa,3.0372,29.5355,65.64,98,74,6.08,CD,1653754499
Romilly-sur-Seine,48.5108,3.7263,68.38,48,26,10.74,FR,1653754721
Red Bluff,40.1785,-122.2358,64.31,59,100,9.22,US,1653754434
Klaksvík,62.2266,-6.589,49.12,72,5,19.73,FO,1653754722
Sur,22.5667,59.5289,90.25,52,0,7.85,OM,1653754722
Paciran,-6.8767,112.3761,80.91,76,17,3.38,ID,1653754722
Victor Harbor,-35.5667,138.6167,49.68,83,19,3.71,AU,1653754723
Liverpool,53.4106,-2.9779,61.3,55,20,13.8,GB,1653754641
Yeppoon,-23.1333,150.7333,60.58,71,53,4.74,AU,1653754723
Inuvik,68.3499,-133.7218,34.66,75,75,4.61,CA,1653754724
Iranshahr,27.2025,60.6848,104.34,9,0,9.22,IR,1653754724
Dragoman,42.9189,22.9317,64.02,95,95,2.17,BG,1653754725
Safonovo,55.15,33.2167,50.07,80,46,9.22,RU,1653754726
Aasiaat,68.7098,-52.8699,31.51,64,99,10.63,GL,1653754726
Half Moon Bay,37.4636,-122.4286,60.57,76,100,14.97,US,1653754619
Severnyy,50.677,36.5532,64.44,42,0,8.95,RU,1653754521
Cap Malheureux,-19.9842,57.6142,74.46,70,2,5.01,MU,1653754727
Gazojak,41.1875,61.4036,76.48,20,0,9.44,TM,1653754688
Shouguang,36.88,118.7375,79.5,30,85,16.28,CN,1653754727
Chumikan,54.7183,135.315,33.51,98,100,18.25,RU,1653754728
Galway,53.2719,-9.0489,63.05,60,19,5.5,IE,1653754728
Coquimbo,-29.9533,-71.3436,55.13,76,100,3.44,CL,1653754728
Adelaide,-34.9333,138.6,50.52,91,40,5.75,AU,1653754679
Zhigansk,66.7697,123.3711,31.03,89,7,10.33,RU,1653754729
Olovyannaya,50.95,115.5667,46.58,35,83,5.23,RU,1653754729
Niquelândia,-14.4739,-48.4597,89.64,22,29,3.09,BR,1653754730
Maroantsetra,-15.4333,49.7333,72.72,86,9,5.82,MG,1653754730
Lingao,19.9103,109.6859,79.18,89,12,8.12,CN,1653754730
Bogale,16.2833,95.4,80.47,86,58,7.49,MM,1653754731
Setermoen,68.861,18.3486,52.43,56,93,8.99,NO,1653754731
Buraidah,26.326,43.975,99.05,9,17,12.95,SA,1653754731
Mizdah,31.4451,12.9801,88.45,15,0,26.31,LY,1653754732
Kumta,14.4167,74.4,82.33,79,23,7.34,IN,1653754732
Katsuura,35.1333,140.3,66.61,89,96,9.51,JP,1653754733
‘Āhuimanu,21.4447,-157.8378,72.75,86,100,5.75,US,1653754733
Porto Velho,-8.7619,-63.9039,89.65,51,40,5.75,BR,1653754734
Belaya Gora,68.5333,146.4167,40.14,59,52,6.08,RU,1653754734
Bursa,40.1667,29.0833,80.64,47,7,3.83,TR,1653754734
Jasper,37.2001,-94.3502,70.27,64,40,10.36,US,1653754735
Polička,49.7146,16.2654,57.04,43,53,14.14,CZ,1653754735
Honiara,-9.4333,159.95,77.05,85,52,3.06,SB,1653754735
Xichang,27.8964,102.2634,68.43,84,45,0.38,CN,1653754736
Ryōtsu-minato,38.0833,138.4333,63.57,80,1,10.58,JP,1653754736
Srednekolymsk,67.45,153.6833,44.47,51,79,4.34,RU,1653754737
Agadir,30.4202,-9.5982,75.65,60,27,11.1,MA,1653754599
Balkanabat,39.5108,54.3671,81.23,18,0,14.23,TM,1653754737
San Quintín,30.4833,-115.95,63.82,69,90,11.92,MX,1653754738
Lake Havasu City,34.4839,-114.3224,86.05,15,0,17.27,US,1653754738
Marzuq,14.4,46.4667,81.86,54,100,8.25,YE,1653754738
Hornepayne,49.2138,-84.7705,65.12,50,83,5.41,CA,1653754739
Kiunga,-6.1219,141.2906,73.38,99,95,1.68,PG,1653754739
Lata,40.1629,-8.3327,87.49,37,26,10.45,PT,1653754740
La Tuque,47.4334,-72.7824,59.25,67,100,4.61,CA,1653754740
Camacupa,-12.0167,17.4833,69.3,39,0,3.42,AO,1653754722
Ascension,30.2169,-90.9001,80.94,57,0,3.44,US,1653754740
Madawaska,47.3561,-68.3288,59.85,77,100,9.22,US,1653754741
Valleyview,55.0667,-117.2859,55.44,44,29,16.11,CA,1653754741
Yar,58.249,52.1026,51.13,90,94,9.22,RU,1653754741
Atherton,53.5237,-2.4935,61.92,54,95,3.0,GB,1653754742
Makakilo City,21.3469,-158.0858,71.83,79,100,4.61,US,1653754742
Te Anau,-45.4167,167.7167,44.51,91,100,2.04,NZ,1653754743
Hai Duong,20.9333,106.3167,82.4,92,57,7.7,VN,1653754743
Coyhaique,-45.5752,-72.0662,40.95,65,20,3.44,CL,1653754743
Skeldon,5.8833,-57.1333,82.2,75,55,7.25,GY,1653754745
Mexico,15.0646,120.7198,82.11,79,71,5.12,PH,1653754745
Gräfenhainichen,51.7333,12.45,59.38,53,73,7.0,DE,1653754746
Hamilton,39.1834,-84.5333,65.68,82,100,6.91,US,1653754695
Puerto Madryn,-42.7692,-65.0385,43.5,75,53,23.82,AR,1653754746
Kutum,14.2,24.6667,90.68,7,0,9.17,SD,1653754746
Flinders,-34.5833,150.8552,54.18,83,14,1.99,AU,1653754747
Oparino,59.8518,48.2783,50.43,94,100,6.82,RU,1653754747
Port Macquarie,-31.4333,152.9167,52.9,88,19,7.43,AU,1653754748
Ko Samui,9.5357,99.9357,80.56,81,100,27.63,TH,1653754748
Asău,46.4333,26.4,59.92,93,100,4.29,RO,1653754748
Urdoma,61.7533,48.5442,54.1,90,91,7.23,RU,1653754749
Barra de Tecoanapa,16.5167,-98.75,85.1,64,100,3.04,MX,1653754749
Kishtwār,33.3167,75.7667,63.52,75,83,4.52,IN,1653754749
Thunder Bay,48.4001,-89.3168,49.91,100,100,5.75,CA,1653754750
Nieves,15.3274,120.9485,81.91,89,65,5.68,PH,1653754750
Leh,34.1667,77.5833,56.26,37,74,4.83,IN,1653754751
Andenes,69.3143,16.1194,46.38,87,40,10.36,NO,1653754751
Polokwane,-23.9045,29.4688,63.45,52,0,3.44,ZA,1653754751
Llata,-9.4167,-76.7833,57.85,66,72,4.63,PE,1653754752
Ukiah,39.1502,-123.2078,57.7,69,100,0.0,US,1653754752
South Sioux City,42.4739,-96.4136,80.28,47,0,18.41,US,1653754752
Chalmette,29.9427,-89.9634,81.5,51,0,9.22,US,1653754753
Waliso,8.5333,37.9833,65.03,60,88,9.66,ET,1653754753
Saint-François,46.4154,3.9054,71.04,26,0,13.8,FR,1653754600
‘Ewa Beach,21.3156,-158.0072,73.15,79,100,4.61,US,1653754751
Ternate,0.8,127.4,78.12,85,100,1.59,ID,1653754754
Mnogovershinnyy,53.9353,139.9242,37.53,98,100,5.48,RU,1653754754
Lompoc,34.6391,-120.4579,55.76,86,100,14.0,US,1653754728
Muroto-misakicho,33.2833,134.15,70.7,72,95,16.31,JP,1653754755
Savannakhet,16.566,104.751,81.34,73,100,9.33,LA,1653754755
Conde,-7.2597,-34.9075,76.46,88,75,8.05,BR,1653754755
Fort Nelson,58.8053,-122.7002,56.79,51,75,9.22,CA,1653754667
Grindavik,63.8424,-22.4338,54.07,66,75,24.16,IS,1653754583
Koumra,8.9126,17.5539,96.55,26,71,3.53,TD,1653754756
Ullapool,57.8987,-5.1604,51.35,74,88,9.69,GB,1653754756
Saint-Joseph,-21.3667,55.6167,71.98,70,68,12.64,RE,1653754757
Pudozh,61.8099,36.5345,53.53,86,98,0.69,RU,1653754757
Kosh-Agach,50.0,88.6667,58.28,38,20,3.96,RU,1653754758
Saldanha,-33.0117,17.9442,57.25,87,26,11.43,ZA,1653754758
Wattegama,6.7989,81.4808,78.31,76,76,9.37,LK,1653754759
Oxbow,49.2333,-102.1676,62.64,75,81,11.39,CA,1653754759
Plácido de Castro,-10.3353,-67.1856,90.36,46,8,3.29,BR,1653754760
Soc Trang,9.6033,105.98,78.75,84,100,7.49,VN,1653754760
Falmouth,50.1544,-5.0711,62.76,48,9,13.8,GB,1653754515
Keflavik,64.0049,-22.5624,54.03,66,75,24.16,IS,1653754761
Empangeni,-28.762,31.8933,66.67,71,0,5.26,ZA,1653754761
Dogondoutchi,13.6393,4.0287,104.97,18,3,5.08,NE,1653754762
Provost,52.3501,-110.2683,57.65,64,94,13.87,CA,1653754762
Anadyr,64.75,177.4833,41.0,80,0,6.71,RU,1653754727
Chifeng,42.2683,118.9636,69.46,40,63,3.71,CN,1653754763
Dayong,25.0209,118.2898,74.39,97,100,1.97,CN,1653754764
Tuensang,26.2833,94.8333,64.63,96,7,2.8,IN,1653754764
Sabha,27.0377,14.4283,100.63,8,0,16.26,LY,1653754765
Havøysund,70.9963,24.6622,48.43,81,23,11.36,NO,1653754765
Frontera,26.9333,-101.45,89.33,45,24,4.0,MX,1653754766
Ampanihy,-24.7,44.75,66.16,57,0,13.18,MG,1653754634
Santo Ângelo,-28.2992,-54.2631,70.12,83,75,16.11,BR,1653754766
Neiafu,-18.65,-173.9833,79.48,83,75,11.5,TO,1653754767
Vila Velha,-20.3297,-40.2925,78.94,68,75,9.22,BR,1653754767
Balikpapan,-1.2675,116.8289,79.79,89,20,2.3,ID,1653754767
Biryusinsk,55.9634,97.8235,44.24,50,4,3.2,RU,1653754768
Berlevåg,70.8578,29.0864,46.35,76,32,17.27,NO,1653754536
Saint-Paul,-21.0096,55.2707,70.93,75,33,9.55,RE,1653754768
Barinas,8.6226,-70.2075,86.04,54,50,6.91,VE,1653754768
Heraclea,37.5133,34.0467,77.11,29,21,8.88,TR,1653754769
Province of Mantua,45.1667,10.7833,72.28,85,100,16.98,IT,1653754769
Kamenka,51.3223,42.7678,53.92,84,98,9.37,RU,1653754770
Penzance,50.1186,-5.5371,60.12,72,0,17.27,GB,1653754770
Kovdor,67.5662,30.4758,56.52,59,39,11.48,RU,1653754770
Xining,36.6167,101.7667,53.53,73,71,4.63,CN,1653754771
Tarko-Sale,64.9225,77.785,59.2,35,4,20.6,RU,1653754771
San Jose,37.3394,-121.895,64.18,62,75,6.91,US,1653754679
Coronado,32.6859,-117.1831,63.45,75,100,8.05,US,1653754772
Guarujá,-23.9931,-46.2564,87.66,35,0,9.22,BR,1653754769
Yangi Marg`ilon,40.4272,71.7189,65.12,45,40,11.5,UZ,1653754668
Ust'-Ordynskiy,52.805,104.7508,44.94,41,79,7.54,RU,1653754772
Husavik,66.0449,-17.3389,50.86,56,7,6.69,IS,1653754773
Kaduqli,11.0167,29.7167,96.93,22,50,5.32,SD,1653754773
Koungou,-12.7336,45.2042,80.31,78,0,11.5,YT,1653754773
Nouadhibou,20.931,-17.0347,73.38,68,5,19.57,MR,1653754774
Vaitape,-16.5167,-151.75,80.89,68,2,15.66,PF,1653754774
Didsbury,53.417,-2.2315,62.46,54,40,11.5,GB,1653754774
Karratha,-20.7377,116.8463,73.49,75,100,8.5,AU,1653754775
São Miguel do Araguaia,-13.275,-50.1628,91.02,25,9,4.74,BR,1653754775
Waipawa,-41.4122,175.5153,42.31,91,5,4.56,NZ,1653754775
Itaituba,-4.2761,-55.9836,91.56,58,40,8.05,BR,1653754776
Shaki,41.0833,47.1667,69.91,54,0,4.5,AZ,1653754776
Shimoda,34.6667,138.95,67.42,67,99,4.43,JP,1653754776
Viedma,-40.8135,-62.9967,50.32,38,0,15.77,AR,1653754777
Kununurra,-15.7667,128.7333,60.78,82,9,0.0,AU,1653754777
Lincoln,40.8,-96.667,81.57,47,0,17.27,US,1653754502
Prieska,-29.6641,22.7474,66.97,28,0,11.68,ZA,1653754778
Comodoro Rivadavia,-45.8667,-67.5,44.46,45,0,16.11,AR,1653754778
Pecos,31.4229,-103.4932,91.89,19,0,3.44,US,1653754778
Panguipulli,-39.6333,-72.3333,43.3,67,72,3.09,CL,1653754598
Assaré,-6.8744,-39.875,82.49,52,99,8.9,BR,1653754779
Shitanjing,39.2342,106.3439,66.42,50,100,19.44,CN,1653754779
Weligama,5.9667,80.4167,78.03,90,100,9.73,LK,1653754780
Bumba,2.1833,22.4667,70.39,98,100,4.92,CD,1653754567
Tazovsky,67.4667,78.7,42.84,70,4,13.58,RU,1653754780
Vao,-22.6667,167.4833,74.26,82,2,15.52,NC,1653754780
Zwedru,6.0667,-8.1281,84.11,73,67,3.74,LR,1653754782
Klerksdorp,-26.8521,26.6667,63.61,39,1,8.99,ZA,1653754782
Sept-Îles,50.2001,-66.3821,44.06,96,100,11.5,CA,1653754503
